str.Ștefan_Cel_Mare10 Ștefan_Cel_Mare 10 65
str.Mihai_Eminescu24 Mihai_Eminescu 24 3
str.Izmail50 Izmail 50 22
str.Alecu_Russo12 Alecu_Russo 12 5
str.București18 București 18 8
str.Grigore_Vieru33 Grigore_Vieru 33 14
str.Mircea_Cel_Bătrân15 Mircea_Cel_Bătrân 15 10
str.Calea_Ieșilor44 Calea_Ieșilor 44 6
str.Vasile_Alecsandri28 Vasile_Alecsandri 28 9
str.Bănulescu_Bodoni19 Bănulescu_Bodoni 19 4
str.Bogdan_Voievod37 Bogdan_Voievod 37 12
str.Cuza_Vodă21 Cuza_Vodă 21 7
str.Dacia30 Dacia 30 2
str.Pușkin25 Pușkin 25 11
str.Miorița16 Miorița 16 1